id;send_at;expire_at;last_edit_at
1;2020-04-14T23:50:47;27175;2020-04-14T22:13:38
2;2020-04-15T03:31:43;42236;2020-04-15T00:57:02
3;2020-04-14T21:57:32;49238;2020-04-14T22:41:31
4;2020-04-14T19:48:04;5955;2020-04-14T19:46:15
5;2020-04-14T23:56:35;52318;2020-04-14T16:27:28
6;2020-04-15T01:37:55;63691;2020-04-15T05:07:09
7;2020-04-14T08:53:51;77646;2020-04-15T04:00:22
8;2020-04-14T21:00:33;27985;2020-04-14T18:36:51
9;2020-04-14T08:41:48;9193;2020-04-15T02:21:40
10;2020-04-14T13:56:28;77519;2020-04-14T12:41:13
